{
    "slope_x": 0.08905162554302277,
    "slope_y": 0.9025785368542806,
    "z_int": -0.22839532157357847
}